Can you recommend an latest Telugu comedy,Movie-by-genre-by-language
I would like to see a french romantic movie,Movie-by-genre-by-language
Can you suggest a italian western,Movie-by-genre-by-language
I am in the mood for a foreign comedy movie,Movie-by-genre-by-language
I would like to see a japanese science fiction,Movie-by-genre-by-language
recommend an middle eastern movie that won an oscar,Movie-by-genre-by-language
what is the new korean rom com with high ratings,Movie-by-genre-by-language
,Movie-by-genre-by-language
,Movie-by-genre-by-language
,Movie-by-genre-by-language
,Movie-by-genre-by-language
,Movie-by-genre-by-language
Show me a “Top Gun” Like movie in other languages,Similar-movies-in-multiple-languages
How many languages “pushups” movie was made,Similar-movies-in-multiple-languages
Show me ninja like movies from Africa,Similar-movies-in-multiple-languages
,Similar-movies-in-multiple-languages
Show me period era movies from Greek,Similar-movies-in-multiple-languages
,Similar-movies-in-multiple-languages
,Similar-movies-in-multiple-languages
,Similar-movies-in-multiple-languages
,Similar-movies-in-multiple-languages
,Similar-movies-in-multiple-languages
,Similar-movies-in-multiple-languages
,Similar-movies-in-multiple-languages
was “Top Gun” movie remade in any other languages,movies-remade-in-other-languages
"Was ""Top Gun” movie dubbed in any other languages",movies-remade-in-other-languages
list all the  remakes were there of “GodFather”,movies-remade-in-other-languages
,movies-remade-in-other-languages
,movies-remade-in-other-languages
,movies-remade-in-other-languages
,movies-remade-in-other-languages
,movies-remade-in-other-languages
,movies-remade-in-other-languages
,movies-remade-in-other-languages
,movies-remade-in-other-languages
,movies-remade-in-other-languages
Show me world war II movies from all of Latin America,movies-made-from-regions-or-country
What is the newest asian comedy that won an award,movies-made-from-regions-or-country
Which persian movie won highest accolades,movies-made-from-regions-or-country
,movies-made-from-regions-or-country
,movies-made-from-regions-or-country
,movies-made-from-regions-or-country
,movies-made-from-regions-or-country
,movies-made-from-regions-or-country
,movies-made-from-regions-or-country
,movies-made-from-regions-or-country
,movies-made-from-regions-or-country
,movies-made-from-regions-or-country
